group,subject_id,sample_id,folder_location
Cohort_sep_2023_dec_2024,23bm004967,23bm004967_1000,/data/optilab/Cohort_sep_2023_dec_2024/1000_23BM004967-1-A01-1
Cohort_sep_2023_dec_2024,23bm004972,23bm004972_1001,/data/optilab/Cohort_sep_2023_dec_2024/1001_23BM004972-1-A01-1
Cohort_sep_2023_dec_2024,23bm004971,23bm004971_1002,/data/optilab/Cohort_sep_2023_dec_2024/1002_23BM004971-1-A02-1
Cohort_sep_2023_dec_2024,23bm004973,23bm004973_1003,/data/optilab/Cohort_sep_2023_dec_2024/1003_23BM004973-1-A01-1
Cohort_sep_2023_dec_2024,23bm005000,23bm005000_1004,/data/optilab/Cohort_sep_2023_dec_2024/1004_23BM005000-1-A01-5
Cohort_sep_2023_dec_2024,23bm005006,23bm005006_1005,/data/optilab/Cohort_sep_2023_dec_2024/1005_23BM005006-1-A05-5
Cohort_sep_2023_dec_2024,23bm005007,23bm005007_1006,/data/optilab/Cohort_sep_2023_dec_2024/1006_23BM005007-1-A01-2
Cohort_sep_2023_dec_2024,23bm005008,23bm005008_1007,/data/optilab/Cohort_sep_2023_dec_2024/1007_23BM005008-1-A05-2
Cohort_sep_2023_dec_2024,23hi057116,23hi057116_1008,/data/optilab/Cohort_sep_2023_dec_2024/1008_23HI057116-1-A03-2
Cohort_sep_2023_dec_2024,23bm005002,23bm005002_1009,/data/optilab/Cohort_sep_2023_dec_2024/1009_23BM005002-1-A01-5
Cohort_sep_2023_dec_2024,23hi054254,23hi054254_1011,/data/optilab/Cohort_sep_2023_dec_2024/1011_23HI054254-1-A01-14
Cohort_sep_2023_dec_2024,23hi054895,23hi054895_1012,/data/optilab/Cohort_sep_2023_dec_2024/1012_23HI054895-1-A03-10
Cohort_sep_2023_dec_2024,23hi049018,23hi049018_1013,/data/optilab/Cohort_sep_2023_dec_2024/1013_23HI049018-1-A03-3
Cohort_sep_2023_dec_2024,23hi047609,23hi047609_1014,/data/optilab/Cohort_sep_2023_dec_2024/1014_23HI047609-1-A14-7
Cohort_sep_2023_dec_2024,23hi055224,23hi055224_1015,/data/optilab/Cohort_sep_2023_dec_2024/1015_23HI055224-1-A04-10
Cohort_sep_2023_dec_2024,23hi050770,23hi050770_1016,/data/optilab/Cohort_sep_2023_dec_2024/1016_23HI050770-1-A14-3
Cohort_sep_2023_dec_2024,23hi051949,23hi051949_1017,/data/optilab/Cohort_sep_2023_dec_2024/1017_23HI051949-1-A09-9
Cohort_sep_2023_dec_2024,23bm004819,23bm004819_1018,/data/optilab/Cohort_sep_2023_dec_2024/1018_23BM004819-1-A02-5
Cohort_sep_2023_dec_2024,23bm004798,23bm004798_1019,/data/optilab/Cohort_sep_2023_dec_2024/1019_23BM004798-1-A01-5
Cohort_sep_2023_dec_2024,23bg000841,23bg000841_101,/data/optilab/Cohort_sep_2023_dec_2024/101_23BG000841-A02
